month,fco2_mean,fco2_cells,fco2_sd_across_cells,fco2_halfhours,fco2_se_across_cells
2009-01,-0.08183566183365756,48,0.1808652436756311,505,0.026105649280793217
2009-02,0.011199942025595933,48,0.13911314926020796,511,0.020079253543299414
2009-03,-0.2190972232027232,48,0.33990181415420534,474,0.04906060097499315
2009-04,-0.45984909452385003,48,0.5974577751153527,573,0.08623560182307095
2009-05,-0.9515068083467781,48,1.5484410084038056,522,0.2234982082565482
2009-06,-1.4921142281064999,48,2.8036503767394856,430,0.40467207493103446
2009-07,-2.128780969030006,48,3.945953949659862,666,0.5695493937614972
2009-08,-1.7252983708338825,48,4.005317843044628,453,0.5781178337179568
2009-09,-0.6097787571496213,48,2.478399613749141,253,0.35772617103938276
2009-10,-0.15849637901146887,48,1.059799846236663,492,0.15296893162796535
2009-11,-0.3511733300410816,48,1.0384479670150695,314,0.14988705332389252
2009-12,-0.3191790070454022,48,0.1396593171544532,785,0.02015808608849072
2010-01,-0.13106869793424167,48,0.10726023048028033,445,0.015481680735282789
2010-02,-0.22264209297457874,48,0.12979563945558814,647,0.018734386844830857
2010-03,-0.35872623363043216,48,0.5750178515556184,542,0.08299667784611914
2010-04,-0.6162199519741929,48,1.0615751770606494,575,0.15322517856024764
2010-05,-0.8184567935651154,48,1.4585971326549587,345,0.2105303617943892
2010-06,-1.6499424996360428,45,2.820499448885091,328,0.4204552332138505
2010-07,-1.4334558311371464,48,3.612428196037785,433,0.5214090978526524
2010-08,-1.4549145499447311,48,3.3706112277891553,415,0.48650582492441097
2010-09,-0.852130793549871,48,2.3321823324424584,564,0.33662152435873566
2010-10,-0.26995666791490736,48,1.070981050905607,556,0.15458279950933512
2010-11,-0.13611988056301338,48,0.3913762533108957,514,0.0564902963008682
2010-12,-0.05975153742917962,48,0.15885681706277033,403,0.022929006523449397
2011-01,-0.013313535740619333,48,0.18189724157836837,541,0.02625460534753034
2011-02,-0.09618801292717699,48,0.11018642272040684,609,0.015904040204667198
2011-03,-0.371833364768507,48,0.17720579708650433,539,0.025577453662463872
2011-04,-0.6152138696869681,48,0.7201932030780684,480,0.10395093491641541
2011-05,-0.9348729591355404,48,1.5690308041096699,454,0.22647008927988324
2011-06,-2.285156206324405,48,3.3975060937879284,354,0.4903877644554636
2011-07,-2.1769930869783565,48,3.966256422650707,514,0.572479803323117
2011-08,-2.0171397071992687,48,3.6645775924626878,409,0.528936214868651
2011-09,-1.0999146936017792,48,2.8527565868222053,458,0.41175994583356956
2011-10,-0.46505997888974454,48,1.3998592367720586,458,0.20205227679448304
2011-11,-0.20093218676508676,48,0.4216741845596901,488,0.06086342599146326
2011-12,-0.25185866867315926,48,0.19337590036759797,586,0.027911407033004737
2012-01,-0.3280064732897268,48,0.20384945064923782,654,0.0294231338016237
2012-02,-0.29354486574171673,48,0.15862377749720635,572,0.022895370159471847
2012-03,-0.4797207014219577,48,0.613734948130813,301,0.08858500937860148
2012-04,-0.6594631973071013,48,0.9133815594163894,493,0.13183527230047315
2012-05,-0.9108027141737484,48,1.6865998307046954,435,0.2434397165681333
2012-06,-1.6634078647770292,48,2.92212005383656,364,0.42177169992173547
2012-07,-0.9945031079403152,48,2.4690737410936223,417,0.3563800972673598
2012-08,-0.955016270932655,48,3.1593311619458695,465,0.4560101742021552
2012-09,-0.3044303441343311,48,2.3126111064611057,486,0.33379666121155943
2012-10,-0.2911180314589666,47,1.3809282033570744,186,0.20142908064188247
2012-11,-0.3906395127961159,48,0.2892834400246446,435,0.04175446799258239
2012-12,-0.266750224800749,48,0.12952662959337427,491,0.018695558615739898
2013-01,-0.18199522022922268,48,0.07584193114315457,539,0.010946839840340339
2013-02,-0.21348401396271552,48,0.13936039567881464,473,0.0201149404898841
2013-03,-0.19259704801714658,48,0.15105867942057125,533,0.021803442306724048
2013-04,-0.11027128462260267,48,0.1642730308788066,586,0.023710769649618674
2013-05,-0.6183280364493146,48,0.8298705467404996,402,0.11978149588829236
2013-06,-1.8743521388207538,47,3.733288882175359,299,0.5445561510576931
2013-07,-2.3274102803441834,48,3.8645140827647237,481,0.5577945614928282
2013-08,-1.4957553788975266,47,4.031890312512402,405,0.5881116461550651
2013-09,-0.8729548029017856,48,3.401063124278195,203,0.49090117758323143
2013-10,-0.549610230725987,48,1.41726510807373,392,0.204564597914858
2013-11,-0.18199465975078163,48,0.600780768859275,379,0.0867152346562132
2013-12,-0.3300164853587963,48,0.17553187931851472,262,0.025335844443976345
2014-01,-0.2205127684844346,48,0.1434486378765305,627,0.020705027423225008
2014-02,-0.18203698552476513,48,0.14584853854404556,589,0.021051423247329556
2014-03,-0.14459745399305554,48,0.17637437606015663,214,0.02545744837412093
2014-04,-0.9542662447285354,48,0.8411361164448371,288,0.12140754081363578
2014-05,-0.9670759734081891,48,1.2792972521991357,365,0.1846506532326799
2014-06,-2.167361030522487,48,3.2105706158105214,235,0.4634059523226268
2014-07,-2.5473065212326387,48,3.9195832307943523,553,0.5657431083525656
2014-08,-1.2608568043627584,48,3.7566645458580816,463,0.5422278217015717
2014-09,-1.1031968063449369,48,2.7232781300577016,421,0.39307134036675867
2014-10,-0.41289199902476,48,1.3603712103470176,560,0.1963526711229169
2014-11,-0.3378808084904101,48,0.44479725358407163,339,0.0642009535228925
2014-12,-0.3176719443452381,48,0.22544778754503395,281,0.03254058520683273
2015-01,-0.6013752118055555,48,0.2920515871129874,110,0.04215401560923518
2015-02,-0.6199505983813487,48,0.20338874599269047,601,0.029356636812255067
2015-03,-0.40704960821377306,48,0.3188478953240603,579,0.04602172954897296
2015-04,-0.6166704869032074,48,0.5838158593078984,678,0.08426656088214696
2015-05,-0.6342355885051938,48,0.9021064258930118,456,0.13020784695675539
2015-06,-0.8818818890815007,48,2.020663766133942,446,0.2916576923297886
2015-07,-1.136474650032359,48,2.597588689539794,590,0.37492963228743187
2015-08,-1.2211042920623443,48,2.439694945498862,428,0.3521396333810844
2015-09,-0.5576488081893868,48,2.162862881395161,416,0.31218236669843646
2015-10,-0.38168899859835664,48,1.1406314246982323,509,0.1646359650239177
2015-11,-0.22766273479902618,48,0.4791020009000738,463,0.0691524172972365
2015-12,-0.3217976024822695,47,0.4192987754195283,105,0.0611610123116471
2016-01,-0.06896535520833334,48,0.23350326743438285,251,0.03370329357747453
2016-02,0.027233689777236652,48,0.1949598664991935,394,0.028140032851120718
2016-03,-0.3472184700750804,48,0.424694344547996,492,0.06129934853702429
2016-04,-0.51700802094324,48,0.7411948932689996,470,0.10698226778770821
2016-05,-0.6435365992745102,48,1.1923720065669894,453,0.1721040747414064
2016-06,-1.463420618348939,48,2.598400077976965,485,0.37504674612058636
2016-07,-1.2374194932032179,48,3.2697187413704647,526,0.4719432488761506
2016-08,-1.6186291400790251,48,2.900507572334455,503,0.41865220691846144
2016-09,-0.6788522260079829,48,2.1813179737917694,518,0.3148461298392118
2016-10,-0.33503390074692124,48,1.2769841414458154,477,0.18431678445365618
2016-11,-0.045866674463383834,48,0.674580485595276,319,0.09736730623712526
2016-12,0.08252354606967106,48,0.18716660338978064,508,0.027015172212599445
2017-01,-0.0669318519161353,48,0.13614807512545854,595,0.01965128195583322
2017-02,-0.00862358097126418,48,0.10027457334330891,706,0.014473387978158569
2017-03,-0.29530608992633783,48,0.22533583005306543,613,0.032524425534801275
2017-04,-0.29285318061122684,48,0.5930110931880459,648,0.08559377857113815
2017-05,-0.8691640653484248,48,1.5355856257827847,435,0.22164269360235267
2017-06,-1.4315393177924614,48,2.5488869391837543,538,0.3679001401179155
2017-07,-1.3716236910436208,48,2.6417137700835425,579,0.3812985390699186
2017-08,-1.283633113388049,48,2.620856979117664,544,0.3782881206002732
2017-09,-0.7444467340021905,48,2.1889044137183284,483,0.3159411381226592
2017-10,-0.40006284931078934,48,0.9915155741585271,477,0.143112945911533
2017-11,-0.13068779367675148,48,0.18105081196688924,605,0.026132433756520957
2017-12,-0.49283112841753834,48,0.15325873870993148,739,0.022120993512460364
2018-01,-0.3350201368019978,48,0.14242651466588463,657,0.02055749664552217
2018-02,-0.4316211846913061,48,0.16039482221024917,529,0.023150998444927382
2018-03,-0.37040838724502995,48,0.13041564092518373,708,0.0188238763486731
2018-04,-0.32431527323878395,48,0.24791570817628306,752,0.03578355021297843
2018-05,-0.778073330394462,48,0.9730034768548543,621,0.140440954821148
2018-06,-1.4517654486092881,48,2.0277962474347038,557,0.2926871773295348
2018-07,-1.0896328102956907,48,2.585257078296813,508,0.3731497175197626
2018-08,-0.695494837096196,48,2.860749371386714,513,0.412913604913543
2018-09,-0.7038415059982875,48,2.269663707653043,475,0.3275977381458521
2018-10,-0.476496696993747,48,0.9172423450082262,332,0.13239252870065576
2018-11,-0.5563420591520679,48,0.33870980376716403,586,0.04888854909553437
2018-12,-0.3337235904993121,48,0.20737626302125545,539,0.02993218531971512
2019-01,-0.25909291510416665,48,0.19515423282483677,504,0.028168087213728602
2019-02,-0.3455435721350409,48,0.27868770181807784,299,0.04022510491612635
2019-03,-0.20288900634583962,48,0.1889258277489547,600,0.027269094376932968
2019-04,-0.6355022568951602,48,0.5996297011990782,624,0.08654909235034568
2019-05,-1.1540291790223323,48,1.4475669459827438,597,0.2089382914832854
2019-06,-1.6886780421762355,48,2.3484999111636413,434,0.33897676397553517
2019-07,-1.174010175717488,48,2.4226271061868014,489,0.3496761029757585
2019-08,-1.039966131075911,48,2.071886611698498,487,0.2990510732486274
2019-09,-0.8985479651631065,48,1.9898551861857339,451,0.2872108568481766
2019-10,-0.5467088262173658,48,1.184790821547496,558,0.17100982493846117
2019-11,-0.5525958037474524,48,0.2339689614055939,652,0.033770510712384204
2019-12,-0.34077325711244777,48,0.25291343004581923,436,0.03650490922965633
2020-01,-0.4827268949476449,48,0.14734429344662198,475,0.021267316871240605
2020-02,-0.38598138860920533,48,0.145492210393487,601,0.02099999170891835
2020-03,-0.29685511981208473,48,0.13073313884753068,605,0.01886970322640664
2020-04,-0.6731386759965559,48,0.38496994548228797,800,0.05556562541352863
2020-05,-0.7575445416881608,48,1.1001015493577497,686,0.1587859814144053
2020-06,-1.3029578283193948,48,2.094649316663354,392,0.30233658670836333
2020-07,-0.8528300989201106,48,2.6952847726135296,516,0.38903084725278014
2020-08,-1.4444213407725028,48,2.7084096156130126,559,0.39092525516248594
2020-09,-1.1587505858307934,48,2.397537529949601,410,0.34605473457715813
2020-10,-0.19926017420126166,48,0.5627668995517328,558,0.081228405236801
2020-11,-0.48915082291892137,48,0.31772895422370295,386,0.0458602243125983
2020-12,-0.5077590733966878,48,0.18150388748503132,493,0.026197829574611597
2021-01,-0.556625546697367,46,0.30106617374567274,387,0.04438978558913212
2021-02,-0.639737478389319,48,0.21695970920000127,458,0.031315436627480916
2021-03,-0.6682454760327975,48,0.4703191057299878,658,0.06788471557455814
2021-04,-0.6729941668040196,48,0.6660415908952853,590,0.09613482294871989
2021-05,-0.729403319098349,48,1.2727106953848104,552,0.18369996564523403
2021-06,-0.9145256589167919,48,2.1904144439281907,515,0.31615909220969635
2021-07,-0.2688481344333537,48,2.6495955881783906,615,0.3824361815196097
2021-08,-0.10875972333842414,48,2.4512807409994686,547,0.3538118989188471
2021-09,-0.27552718260533726,48,2.273869467173356,431,0.328204787243652
2021-10,-0.22916921093572482,48,1.3452860293936,531,0.19417531280185946
2021-11,-0.29498041272837633,48,0.38033374561384414,588,0.05489644760301289
2021-12,-0.38745753012288636,48,0.17177248820514449,523,0.024793223076152997
2022-01,-0.6367744179670853,48,0.2985460562099413,526,0.04309141147957769
2022-02,-0.4098228738124723,48,0.37603371509033867,378,0.05427579165794552
2022-03,-0.29202631283675956,48,0.20334590967503338,782,0.029350453922372465
2022-04,-0.533056791595462,48,0.4100070836699404,592,0.05917942503162338
2022-05,-1.0223302559755232,48,1.5748626302082847,651,0.22731184087185882
2022-06,-1.8936119899266821,48,3.2389981500426788,695,0.46750911345796015
2022-07,-2.2561137688923565,48,4.265498241463,746,0.6156716394841346
2022-08,-1.6698799503701345,48,4.42575018389893,550,0.6388020150100208
2022-09,-1.3113884430394886,48,3.3538453729863575,500,0.4840858822285136
2022-10,-0.594230815262143,48,1.5845347935204273,608,0.2287078973948367
2022-11,-0.3151836671305359,48,0.4554542852316944,463,0.06573916354552184
2022-12,-0.489564100646511,48,0.17681440159192105,579,0.025520960588924554
2023-01,-0.23683995923091786,48,0.1404083519122882,563,0.020266199943257825
2023-02,-0.21155905158191482,48,0.15290889761984108,624,0.022070498300576044
2023-03,-0.3858673612316364,48,0.1794790986634376,580,0.025905576481811774
2023-04,-0.34540229310671694,48,0.26115908946833927,624,0.03769506765146581
2023-05,-0.9962000211333736,48,1.4814669727844048,608,0.21383133888315403
2023-06,-1.7184221382138851,48,3.675836318542305,738,0.5305612720018507
2023-07,-2.1616796028068137,48,3.867202105927009,725,0.5581825442169116
2023-08,-0.6601478104623976,48,3.5737229615786066,729,0.5158224784691388
2023-09,0.16820918160250944,48,2.255951785319756,583,0.3256185926332945
2023-10,-0.31857509761113584,48,1.3393671187883467,595,0.19332099164404637
2023-11,0.05232010671378542,48,0.5355060248498481,674,0.07729363689993156
2023-12,-0.009766995136692005,48,0.31041219747486076,420,0.04480414144296353
2024-01,-0.07591138394507743,48,0.2309870755821165,550,0.03334011256666485
2024-02,-0.3395512541636505,48,0.5891116304391549,716,0.08503093960419636
2024-03,-0.42922026090409987,48,0.8504529511045209,755,0.12275231006332671
2024-04,-0.2914046391285222,48,0.8040690791050622,633,0.11605737481709054
2024-05,-0.462627913604086,48,1.4057388864601985,640,0.20290093112703012
2024-06,-1.316400707779799,48,2.4879543918462295,693,0.35910528446598305
2024-07,-2.0345546008174256,48,2.978144312971025,626,0.42985810519484363
2024-08,-1.110117807704205,48,3.0746185030835926,431,0.4437829551026791
2024-09,-0.5806609640082306,48,2.9295636716775473,497,0.4228460936127951
2024-10,-0.11316417487714496,48,1.5248536279554719,614,0.22009366314371728
2024-11,-0.3129651032522975,48,0.5166654349882513,501,0.0745742319928605
2024-12,-0.28348300145040145,48,0.18966411616585174,471,0.02737565713099174
